﻿<?xml version="1.0" encoding="utf-8"?>
<?xml-stylesheet type='text/xsl' href='xmlTree.xsl'?>
<!DOCTYPE assembly SYSTEM "tree.dtd">
<!--Auto-Generated by NetDocumentor-->
<!--Reflector Plugin. http://www.aisto.com/roeder/dotnet-->
<assembly name="LibUsbDotNet" version="1.0.1">
  <tree>
    <branch children="1" id="NS:LibUsbDotNet.DeviceNotify">
      <branchText ObjectType="Namespace">LibUsbDotNet.DeviceNotify</branchText>
      <branch children="1" id="key1">
        <branchText ObjectType="Class">DeviceNotifier</branchText>
        <branch children="0" id="G:LibUsbDotNet.DeviceNotify.DeviceNotifier+Constructors">
          <branchText>Constructors</branchText>
        </branch>
        <branch children="1" id="G:LibUsbDotNet.DeviceNotify.DeviceNotifier+Events">
          <branchText>Events</branchText>
          <branch children="0" id="key9">
            <branchText>OnDeviceNotify</branchText>
          </branch>
        </branch>
      </branch>
      <branch children="1" id="key46">
        <branchText ObjectType="Class">DeviceNotifyEventArgs</branchText>
        <branch children="1" id="G:LibUsbDotNet.DeviceNotify.DeviceNotifyEventArgs+Methods">
          <branchText>Methods</branchText>
          <branch children="0" id="key53">
            <branchText>ToString</branchText>
          </branch>
        </branch>
        <branch children="1" id="G:LibUsbDotNet.DeviceNotify.DeviceNotifyEventArgs+Properties">
          <branchText>Properties</branchText>
          <branch children="0" id="key59">
            <branchText>Device</branchText>
          </branch>
          <branch children="0" id="key61">
            <branchText>DeviceType</branchText>
          </branch>
          <branch children="0" id="key60">
            <branchText>EventType</branchText>
          </branch>
          <branch children="0" id="key62">
            <branchText>Object</branchText>
          </branch>
          <branch children="0" id="key58">
            <branchText>Port</branchText>
          </branch>
          <branch children="0" id="key57">
            <branchText>Volume</branchText>
          </branch>
        </branch>
      </branch>
      <branch children="0" id="key10">
        <branchText ObjectType="Enumeration">DeviceType</branchText>
      </branch>
      <branch children="0" id="key28">
        <branchText ObjectType="Enumeration">EventType</branchText>
      </branch>
    </branch>
    <branch children="1" id="NS:LibUsbDotNet.DeviceNotify.Info">
      <branchText ObjectType="Namespace">LibUsbDotNet.DeviceNotify.Info</branchText>
      <branch children="1" id="key63">
        <branchText ObjectType="Class">PortNotifyInfo</branchText>
        <branch children="1" id="G:LibUsbDotNet.DeviceNotify.Info.PortNotifyInfo+Methods">
          <branchText>Methods</branchText>
          <branch children="0" id="key65">
            <branchText>ToString</branchText>
          </branch>
        </branch>
        <branch children="1" id="G:LibUsbDotNet.DeviceNotify.Info.PortNotifyInfo+Properties">
          <branchText>Properties</branchText>
          <branch children="0" id="key69">
            <branchText>Name</branchText>
          </branch>
        </branch>
      </branch>
      <branch children="1" id="key70">
        <branchText ObjectType="Class">UsbDeviceNotifyInfo</branchText>
        <branch children="1" id="G:LibUsbDotNet.DeviceNotify.Info.UsbDeviceNotifyInfo+Methods">
          <branchText>Methods</branchText>
          <branch children="0" id="key77">
            <branchText>ToString</branchText>
          </branch>
        </branch>
        <branch children="1" id="G:LibUsbDotNet.DeviceNotify.Info.UsbDeviceNotifyInfo+Properties">
          <branchText>Properties</branchText>
          <branch children="0" id="key83">
            <branchText>ClassGuid</branchText>
          </branch>
          <branch children="0" id="key85">
            <branchText>IdProduct</branchText>
          </branch>
          <branch children="0" id="key84">
            <branchText>IdVendor</branchText>
          </branch>
          <branch children="0" id="key82">
            <branchText>Name</branchText>
          </branch>
          <branch children="0" id="key86">
            <branchText>SerialNumber</branchText>
          </branch>
          <branch children="0" id="key81">
            <branchText>SymbolicName</branchText>
          </branch>
        </branch>
      </branch>
      <branch children="1" id="key87">
        <branchText ObjectType="Class">VolumeNotifyInfo</branchText>
        <branch children="1" id="G:LibUsbDotNet.DeviceNotify.Info.VolumeNotifyInfo+Methods">
          <branchText>Methods</branchText>
          <branch children="0" id="key93">
            <branchText>ToString</branchText>
          </branch>
        </branch>
        <branch children="1" id="G:LibUsbDotNet.DeviceNotify.Info.VolumeNotifyInfo+Properties">
          <branchText>Properties</branchText>
          <branch children="0" id="key98">
            <branchText>ChangeAffectsMediaInDrive</branchText>
          </branch>
          <branch children="0" id="key100">
            <branchText>Flags</branchText>
          </branch>
          <branch children="0" id="key99">
            <branchText>IsNetworkVolume</branchText>
          </branch>
          <branch children="0" id="key97">
            <branchText>Letter</branchText>
          </branch>
          <branch children="0" id="key101">
            <branchText>Unitmask</branchText>
          </branch>
        </branch>
      </branch>
    </branch>
    <branch children="1" id="NS:LibUsbDotNet.Usb">
      <branchText ObjectType="Namespace">LibUsbDotNet.Usb</branchText>
      <branch children="1" id="key534">
        <branchText ObjectType="Class">UsbDevice</branchText>
        <branch children="1" id="G:LibUsbDotNet.Usb.UsbDevice+Methods">
          <branchText>Methods</branchText>
          <branch children="0" id="key539">
            <branchText>ClaimInterface</branchText>
          </branch>
          <branch children="0" id="key540">
            <branchText>Close</branchText>
          </branch>
          <branch children="0" id="key541">
            <branchText>GetAltInterface</branchText>
          </branch>
          <branch children="0" id="key542">
            <branchText>GetConfiguration</branchText>
          </branch>
          <branch children="0" id="key543">
            <branchText>GetString</branchText>
          </branch>
          <branch children="0" id="key544">
            <branchText>GetString</branchText>
          </branch>
          <branch children="0" id="key545">
            <branchText>IOControlMessage</branchText>
          </branch>
          <branch children="0" id="key546">
            <branchText>Open</branchText>
          </branch>
          <branch children="0" id="key548">
            <branchText>OpenBulkEndpointReader</branchText>
          </branch>
          <branch children="0" id="key547">
            <branchText>OpenBulkEndpointReader</branchText>
          </branch>
          <branch children="0" id="key549">
            <branchText>OpenBulkEndpointWriter</branchText>
          </branch>
          <branch children="0" id="key550">
            <branchText>OpenEndpointReader</branchText>
          </branch>
          <branch children="0" id="key551">
            <branchText>OpenEndpointWriter</branchText>
          </branch>
          <branch children="0" id="key553">
            <branchText>OpenInterruptEndpointReader</branchText>
          </branch>
          <branch children="0" id="key552">
            <branchText>OpenInterruptEndpointReader</branchText>
          </branch>
          <branch children="0" id="key554">
            <branchText>OpenInterruptEndpointWriter</branchText>
          </branch>
          <branch children="0" id="key555">
            <branchText>RefreshConfigs</branchText>
          </branch>
          <branch children="0" id="key556">
            <branchText>ReleaseInterface</branchText>
          </branch>
          <branch children="0" id="key557">
            <branchText>SetAltInterface</branchText>
          </branch>
          <branch children="0" id="key558">
            <branchText>SetConfiguration</branchText>
          </branch>
        </branch>
        <branch children="1" id="G:LibUsbDotNet.Usb.UsbDevice+Properties">
          <branchText>Properties</branchText>
          <branch children="0" id="key563">
            <branchText>ActiveEndpoints</branchText>
          </branch>
          <branch children="0" id="key565">
            <branchText>Configs</branchText>
          </branch>
          <branch children="0" id="key564">
            <branchText>Info</branchText>
          </branch>
          <branch children="0" id="key566">
            <branchText>IsOpen</branchText>
          </branch>
        </branch>
      </branch>
      <branch children="1" id="key446">
        <branchText ObjectType="Class">UsbEndpointBase</branchText>
        <branch children="1" id="G:LibUsbDotNet.Usb.UsbEndpointBase+Methods">
          <branchText>Methods</branchText>
          <branch children="0" id="key451">
            <branchText>CancelIO</branchText>
          </branch>
          <branch children="0" id="key452">
            <branchText>Dispose</branchText>
          </branch>
          <branch children="0" id="key453">
            <branchText>Transfer</branchText>
          </branch>
        </branch>
        <branch children="1" id="G:LibUsbDotNet.Usb.UsbEndpointBase+Properties">
          <branchText>Properties</branchText>
          <branch children="0" id="key460">
            <branchText>EndpointType</branchText>
          </branch>
          <branch children="0" id="key459">
            <branchText>EpNum</branchText>
          </branch>
          <branch children="0" id="key458">
            <branchText>IsDisposed</branchText>
          </branch>
          <branch children="0" id="key461">
            <branchText>ISOPacketSize</branchText>
          </branch>
        </branch>
      </branch>
      <branch children="1" id="key462">
        <branchText ObjectType="Class">UsbEndpointReader</branchText>
        <branch children="1" id="G:LibUsbDotNet.Usb.UsbEndpointReader+Methods">
          <branchText>Methods</branchText>
          <branch children="0" id="key471">
            <branchText>Read</branchText>
          </branch>
          <branch children="0" id="key472">
            <branchText>Read</branchText>
          </branch>
        </branch>
        <branch children="1" id="G:LibUsbDotNet.Usb.UsbEndpointReader+Events">
          <branchText>Events</branchText>
          <branch children="0" id="key490">
            <branchText>DataReceived</branchText>
          </branch>
        </branch>
        <branch children="1" id="G:LibUsbDotNet.Usb.UsbEndpointReader+Properties">
          <branchText>Properties</branchText>
          <branch children="0" id="key483">
            <branchText>DataReceivedEnabled</branchText>
          </branch>
          <branch children="0" id="key485">
            <branchText>EpNum</branchText>
          </branch>
          <branch children="0" id="key486">
            <branchText>ReadBufferSize</branchText>
          </branch>
          <branch children="0" id="key484">
            <branchText>ReadEndpoint</branchText>
          </branch>
        </branch>
        <branch children="1" id="G:LibUsbDotNet.Usb.UsbEndpointReader+Fields">
          <branchText>Fields</branchText>
          <branch children="0" id="key491">
            <branchText>DEF_READ_BUFFER_SIZE</branchText>
          </branch>
          <branch children="0" id="key492">
            <branchText>DEF_READ_TIMEOUT</branchText>
          </branch>
        </branch>
      </branch>
      <branch children="1" id="key493">
        <branchText ObjectType="Class">UsbEndpointWriter</branchText>
        <branch children="1" id="G:LibUsbDotNet.Usb.UsbEndpointWriter+Methods">
          <branchText>Methods</branchText>
          <branch children="0" id="key496">
            <branchText>Write</branchText>
          </branch>
          <branch children="0" id="key497">
            <branchText>Write</branchText>
          </branch>
        </branch>
        <branch children="1" id="G:LibUsbDotNet.Usb.UsbEndpointWriter+Properties">
          <branchText>Properties</branchText>
          <branch children="0" id="key508">
            <branchText>EpNum</branchText>
          </branch>
          <branch children="0" id="key509">
            <branchText>WriteEndpoint</branchText>
          </branch>
        </branch>
        <branch children="1" id="G:LibUsbDotNet.Usb.UsbEndpointWriter+Fields">
          <branchText>Fields</branchText>
          <branch children="0" id="key513">
            <branchText>DEF_WRITE_TIMEOUT</branchText>
          </branch>
        </branch>
      </branch>
      <branch children="1" id="key522">
        <branchText ObjectType="Class">UsbGlobals</branchText>
        <branch children="1" id="G:LibUsbDotNet.Usb.UsbGlobals+Events">
          <branchText>Events</branchText>
          <branch children="0" id="key533">
            <branchText>OnUsbError</branchText>
          </branch>
        </branch>
        <branch children="1" id="G:LibUsbDotNet.Usb.UsbGlobals+Properties">
          <branchText>Properties</branchText>
          <branch children="0" id="key531">
            <branchText>DeviceList</branchText>
          </branch>
          <branch children="0" id="key532">
            <branchText>LastError</branchText>
          </branch>
        </branch>
      </branch>
    </branch>
    <branch children="1" id="NS:LibUsbDotNet.Usb.Info">
      <branchText ObjectType="Namespace">LibUsbDotNet.Usb.Info</branchText>
      <branch children="1" id="key126">
        <branchText ObjectType="Class">InfoConfig</branchText>
        <branch children="1" id="G:LibUsbDotNet.Usb.Info.InfoConfig+Methods">
          <branchText>Methods</branchText>
          <branch children="0" id="key138">
            <branchText>ToString</branchText>
          </branch>
        </branch>
        <branch children="1" id="G:LibUsbDotNet.Usb.Info.InfoConfig+Properties">
          <branchText>Properties</branchText>
          <branch children="0" id="key142">
            <branchText>BmAttributes</branchText>
          </branch>
          <branch children="0" id="key143">
            <branchText>ConfigurationIndex</branchText>
          </branch>
          <branch children="0" id="key144">
            <branchText>ConfigurationString</branchText>
          </branch>
          <branch children="0" id="key145">
            <branchText>ConfigurationValue</branchText>
          </branch>
          <branch children="0" id="key146">
            <branchText>DescriptorType</branchText>
          </branch>
          <branch children="0" id="key147">
            <branchText>Extra</branchText>
          </branch>
          <branch children="0" id="key152">
            <branchText>InfoInterfaceList</branchText>
          </branch>
          <branch children="0" id="key148">
            <branchText>Length</branchText>
          </branch>
          <branch children="0" id="key149">
            <branchText>MaxPower</branchText>
          </branch>
          <branch children="0" id="key150">
            <branchText>NumInterfaces</branchText>
          </branch>
          <branch children="0" id="key151">
            <branchText>TotalLength</branchText>
          </branch>
        </branch>
      </branch>
      <branch children="0" id="key114">
        <branchText ObjectType="Class">InfoConfigs</branchText>
      </branch>
      <branch children="1" id="key153">
        <branchText ObjectType="Class">InfoDevice</branchText>
        <branch children="1" id="G:LibUsbDotNet.Usb.Info.InfoDevice+Methods">
          <branchText>Methods</branchText>
          <branch children="0" id="key172">
            <branchText>ToString</branchText>
          </branch>
        </branch>
        <branch children="1" id="G:LibUsbDotNet.Usb.Info.InfoDevice+Properties">
          <branchText>Properties</branchText>
          <branch children="0" id="key176">
            <branchText>BcdDevice</branchText>
          </branch>
          <branch children="0" id="key177">
            <branchText>BcdUSB</branchText>
          </branch>
          <branch children="0" id="key178">
            <branchText>DescriptorType</branchText>
          </branch>
          <branch children="0" id="key179">
            <branchText>DeviceClass</branchText>
          </branch>
          <branch children="0" id="key180">
            <branchText>DeviceProtocol</branchText>
          </branch>
          <branch children="0" id="key181">
            <branchText>DeviceSubClass</branchText>
          </branch>
          <branch children="0" id="key182">
            <branchText>Filename</branchText>
          </branch>
          <branch children="0" id="key183">
            <branchText>IdProduct</branchText>
          </branch>
          <branch children="0" id="key184">
            <branchText>IdVendor</branchText>
          </branch>
          <branch children="0" id="key185">
            <branchText>Length</branchText>
          </branch>
          <branch children="0" id="key186">
            <branchText>ManufacturerIndex</branchText>
          </branch>
          <branch children="0" id="key187">
            <branchText>ManufacturerString</branchText>
          </branch>
          <branch children="0" id="key188">
            <branchText>MaxPacketSize0</branchText>
          </branch>
          <branch children="0" id="key189">
            <branchText>NumConfigurations</branchText>
          </branch>
          <branch children="0" id="key190">
            <branchText>ProductIndex</branchText>
          </branch>
          <branch children="0" id="key191">
            <branchText>ProductString</branchText>
          </branch>
          <branch children="0" id="key193">
            <branchText>SerialNumberIndex</branchText>
          </branch>
          <branch children="0" id="key192">
            <branchText>SerialString</branchText>
          </branch>
        </branch>
      </branch>
      <branch children="0" id="key194">
        <branchText ObjectType="Class">InfoDevices</branchText>
      </branch>
      <branch children="1" id="key218">
        <branchText ObjectType="Class">InfoEndpoint</branchText>
        <branch children="1" id="G:LibUsbDotNet.Usb.Info.InfoEndpoint+Methods">
          <branchText>Methods</branchText>
          <branch children="0" id="key227">
            <branchText>ToString</branchText>
          </branch>
        </branch>
        <branch children="1" id="G:LibUsbDotNet.Usb.Info.InfoEndpoint+Properties">
          <branchText>Properties</branchText>
          <branch children="0" id="key231">
            <branchText>BmAttributes</branchText>
          </branch>
          <branch children="0" id="key232">
            <branchText>DescriptorType</branchText>
          </branch>
          <branch children="0" id="key233">
            <branchText>EndpointAddress</branchText>
          </branch>
          <branch children="0" id="key234">
            <branchText>Interval</branchText>
          </branch>
          <branch children="0" id="key235">
            <branchText>Length</branchText>
          </branch>
          <branch children="0" id="key236">
            <branchText>MaxPacketSize</branchText>
          </branch>
          <branch children="0" id="key237">
            <branchText>Refresh</branchText>
          </branch>
          <branch children="0" id="key238">
            <branchText>SynchAddress</branchText>
          </branch>
        </branch>
      </branch>
      <branch children="0" id="key206">
        <branchText ObjectType="Class">InfoEndpoints</branchText>
      </branch>
      <branch children="1" id="key251">
        <branchText ObjectType="Class">InfoInterface</branchText>
        <branch children="1" id="G:LibUsbDotNet.Usb.Info.InfoInterface+Methods">
          <branchText>Methods</branchText>
          <branch children="0" id="key263">
            <branchText>ToString</branchText>
          </branch>
        </branch>
        <branch children="1" id="G:LibUsbDotNet.Usb.Info.InfoInterface+Properties">
          <branchText>Properties</branchText>
          <branch children="0" id="key267">
            <branchText>AlternateSetting</branchText>
          </branch>
          <branch children="0" id="key268">
            <branchText>DescriptorType</branchText>
          </branch>
          <branch children="0" id="key269">
            <branchText>InfoEndpointList</branchText>
          </branch>
          <branch children="0" id="key270">
            <branchText>InterfaceClass</branchText>
          </branch>
          <branch children="0" id="key271">
            <branchText>InterfaceIndex</branchText>
          </branch>
          <branch children="0" id="key272">
            <branchText>InterfaceNumber</branchText>
          </branch>
          <branch children="0" id="key273">
            <branchText>InterfaceProtocol</branchText>
          </branch>
          <branch children="0" id="key274">
            <branchText>InterfaceString</branchText>
          </branch>
          <branch children="0" id="key275">
            <branchText>InterfaceSubClass</branchText>
          </branch>
          <branch children="0" id="key276">
            <branchText>Length</branchText>
          </branch>
          <branch children="0" id="key277">
            <branchText>NumEndpoints</branchText>
          </branch>
        </branch>
      </branch>
      <branch children="0" id="key239">
        <branchText ObjectType="Class">InfoInterfaces</branchText>
      </branch>
      <branch children="1" id="key102">
        <branchText ObjectType="Class">InfosBase&lt;T&gt;</branchText>
        <branch children="1" id="G:LibUsbDotNet.Usb.Info.InfosBase`1+Methods">
          <branchText>Methods</branchText>
          <branch children="0" id="key105">
            <branchText>Contains</branchText>
          </branch>
          <branch children="0" id="key106">
            <branchText>GetEnumerator</branchText>
          </branch>
          <branch children="0" id="key107">
            <branchText>IndexOf</branchText>
          </branch>
        </branch>
        <branch children="1" id="G:LibUsbDotNet.Usb.Info.InfosBase`1+Properties">
          <branchText>Properties</branchText>
          <branch children="0" id="key113">
            <branchText>Item</branchText>
          </branch>
          <branch children="0" id="key112">
            <branchText>Count</branchText>
          </branch>
        </branch>
      </branch>
    </branch>
    <branch children="1" id="NS:LibUsbDotNet.Usb.Internal">
      <branchText ObjectType="Namespace">LibUsbDotNet.Usb.Internal</branchText>
      <branch children="0" id="key278">
        <branchText ObjectType="Enumeration">EndpointTypes</branchText>
      </branch>
    </branch>
    <branch children="1" id="NS:LibUsbDotNet.Usb.Main">
      <branchText ObjectType="Namespace">LibUsbDotNet.Usb.Main</branchText>
      <branch children="1" id="key292">
        <branchText ObjectType="Class">DataReceivedArgs</branchText>
        <branch children="1" id="G:LibUsbDotNet.Usb.Main.DataReceivedArgs+Properties">
          <branchText>Properties</branchText>
          <branch children="0" id="key299">
            <branchText>Buffer</branchText>
          </branch>
          <branch children="0" id="key300">
            <branchText>Count</branchText>
          </branch>
        </branch>
      </branch>
      <branch children="1" id="key324">
        <branchText ObjectType="Class">LibUsbException</branchText>
        <branch children="1" id="G:LibUsbDotNet.Usb.Main.LibUsbException+Properties">
          <branchText>Properties</branchText>
          <branch children="0" id="key342">
            <branchText>Sender</branchText>
          </branch>
        </branch>
      </branch>
      <branch children="1" id="key376">
        <branchText ObjectType="Class">UsbDeviceList</branchText>
        <branch children="0" id="G:LibUsbDotNet.Usb.Main.UsbDeviceList+Constructors">
          <branchText>Constructors</branchText>
        </branch>
        <branch children="1" id="G:LibUsbDotNet.Usb.Main.UsbDeviceList+Methods">
          <branchText>Methods</branchText>
          <branch children="0" id="key380">
            <branchText>Contains</branchText>
          </branch>
          <branch children="0" id="key379">
            <branchText>GetEnumerator</branchText>
          </branch>
          <branch children="0" id="key381">
            <branchText>IndexOf</branchText>
          </branch>
        </branch>
        <branch children="1" id="G:LibUsbDotNet.Usb.Main.UsbDeviceList+Properties">
          <branchText>Properties</branchText>
          <branch children="0" id="key387">
            <branchText>Item</branchText>
          </branch>
          <branch children="0" id="key388">
            <branchText>Count</branchText>
          </branch>
        </branch>
      </branch>
      <branch children="1" id="key389">
        <branchText ObjectType="Class">UsbEndpointList</branchText>
        <branch children="1" id="G:LibUsbDotNet.Usb.Main.UsbEndpointList+Methods">
          <branchText>Methods</branchText>
          <branch children="0" id="key393">
            <branchText>Clear</branchText>
          </branch>
          <branch children="0" id="key394">
            <branchText>Contains</branchText>
          </branch>
          <branch children="0" id="key392">
            <branchText>GetEnumerator</branchText>
          </branch>
          <branch children="0" id="key395">
            <branchText>IndexOf</branchText>
          </branch>
          <branch children="0" id="key396">
            <branchText>Remove</branchText>
          </branch>
          <branch children="0" id="key397">
            <branchText>RemoveAt</branchText>
          </branch>
        </branch>
        <branch children="1" id="G:LibUsbDotNet.Usb.Main.UsbEndpointList+Properties">
          <branchText>Properties</branchText>
          <branch children="0" id="key402">
            <branchText>Item</branchText>
          </branch>
          <branch children="0" id="key403">
            <branchText>Count</branchText>
          </branch>
        </branch>
      </branch>
      <branch children="1" id="key514">
        <branchText ObjectType="Class">UsbError</branchText>
        <branch children="1" id="G:LibUsbDotNet.Usb.Main.UsbError+Methods">
          <branchText>Methods</branchText>
          <branch children="0" id="key515">
            <branchText>ToString</branchText>
          </branch>
        </branch>
        <branch children="1" id="G:LibUsbDotNet.Usb.Main.UsbError+Fields">
          <branchText>Fields</branchText>
          <branch children="0" id="key521">
            <branchText>ErrorCode</branchText>
          </branch>
          <branch children="0" id="key520">
            <branchText>FunctionName</branchText>
          </branch>
          <branch children="0" id="key519">
            <branchText>Sender</branchText>
          </branch>
        </branch>
      </branch>
      <branch children="1" id="key404">
        <branchText ObjectType="Class">UsbSymbolicName</branchText>
        <branch children="1" id="G:LibUsbDotNet.Usb.Main.UsbSymbolicName+Methods">
          <branchText>Methods</branchText>
          <branch children="0" id="key410">
            <branchText>Parse</branchText>
          </branch>
          <branch children="0" id="key411">
            <branchText>ToString</branchText>
          </branch>
        </branch>
        <branch children="1" id="G:LibUsbDotNet.Usb.Main.UsbSymbolicName+Properties">
          <branchText>Properties</branchText>
          <branch children="0" id="key419">
            <branchText>ClassGuid</branchText>
          </branch>
          <branch children="0" id="key415">
            <branchText>FullName</branchText>
          </branch>
          <branch children="0" id="key417">
            <branchText>Pid</branchText>
          </branch>
          <branch children="0" id="key418">
            <branchText>SerialNumber</branchText>
          </branch>
          <branch children="0" id="key416">
            <branchText>Vid</branchText>
          </branch>
        </branch>
      </branch>
      <branch children="0" id="key301">
        <branchText ObjectType="Enumeration">ErrorCodes</branchText>
      </branch>
      <branch children="0" id="key350">
        <branchText ObjectType="Enumeration">ReadEndpoints</branchText>
      </branch>
      <branch children="0" id="key420">
        <branchText ObjectType="Enumeration">WriteEndpoints</branchText>
      </branch>
    </branch>
  </tree>
</assembly>